
INSERT INTO public.brand (id, name) VALUES (1, 'Volkswagen');
INSERT INTO public.brand (id, name) VALUES (2, 'Acura');
INSERT INTO public.brand (id, name) VALUES (3, 'Audi');
INSERT INTO public.brand (id, name) VALUES (4, 'BMW');
INSERT INTO public.car (id, name, brand_id) VALUES (1, '2021 Volkswagen Tiguan', 1);
INSERT INTO public.car (id, name, brand_id) VALUES (2, 'Volkswagen ID.6', 1);
INSERT INTO public.car (id, name, brand_id) VALUES (3, 'Golf MK4', 1);
INSERT INTO public.car (id, name, brand_id) VALUES (4, '2022 Acura MDX', 2);
INSERT INTO public.car (id, name, brand_id) VALUES (5, 'MDX-4-2022', 2);
INSERT INTO public.car (id, name, brand_id) VALUES (6, 'Twin-Turbo', 2);
INSERT INTO public.car (id, name, brand_id) VALUES (7, 'Hybrid-V6', 2);
INSERT INTO public.car (id, name, brand_id) VALUES (8, 'A1', 3);
INSERT INTO public.car (id, name, brand_id) VALUES (9, '80', 3);
INSERT INTO public.car (id, name, brand_id) VALUES (10, 'Aicon', 3);
INSERT INTO public.car (id, name, brand_id) VALUES (11, 'Gran Coupe', 4);
INSERT INTO public.car (id, name, brand_id) VALUES (12, '5', 4);
INSERT INTO public.car (id, name, brand_id) VALUES (13, '6', 4);
insert into part(id, serial, production_date) VALUES (1,12345, '2020-06-01');
insert into part(id, serial, production_date) VALUES (2,78745, '2020-06-11');
insert into part(id, serial, production_date) VALUES (3,46456, '2019-02-01');
insert into part(id, serial, production_date) VALUES (4,45454, '2020-07-01');
INSERT INTO public.car_part (part_id, car_id) VALUES (1, 1);
INSERT INTO public.car_part (part_id, car_id) VALUES (1, 3);
INSERT INTO public.car_part (part_id, car_id) VALUES (2, 5);
INSERT INTO public.car_part (part_id, car_id) VALUES (4, 2);
INSERT INTO public.car_part (part_id, car_id) VALUES (1, 13);
INSERT INTO public.car_part (part_id, car_id) VALUES (3, 12);
INSERT INTO public.car_part (part_id, car_id) VALUES (3, 3);
INSERT INTO public.car_part (part_id, car_id) VALUES (2, 2);
INSERT INTO public.car_part (part_id, car_id) VALUES (1, 9);
INSERT INTO public.car_part (part_id, car_id) VALUES (3, 7);
INSERT INTO public.car_part (part_id, car_id) VALUES (2, 8);
INSERT INTO public.roles (id, name) VALUES (1, 'ROLE_SALES');
INSERT INTO public.roles (id, name) VALUES (2, 'ROLE_WAREHOUSE');
INSERT INTO public.roles (id, name) VALUES (3, 'ROLE_CUSTOMER');
INSERT INTO public."user" (id, first_name, last_name,email, password, username) VALUES (2,'Sales', 'Prodavac', 'sales@unicorn.com', '$2a$10$Abr7DgHaOy7HwFWb8XrD8elXlV34n8ypJD0zK3Evi5XK1ptyr9Lyu', 'sales');
INSERT INTO public."user" (id, first_name, last_name,email, password, username) VALUES (3, 'Warehouse', 'Skladiste','warehouse@unicorn.com', '$2a$10$Q.HOMgS/DyyTOWmZuBZSM.7hW6FH3gmaeK3bwJDDbFgKFSdeMDpXK', 'warehouse');
INSERT INTO public."user" (id, first_name, last_name,email, password, username) VALUES (4, 'Customer', 'Kupac', 'customer@unicorn.com', '$2a$10$7KwTWka8h9A5/rP8JirLfuv90j1dW2LAQSIj0mRF0c1on/QoiNVV6', 'customer');
INSERT INTO public.user_roles (user_id, role_id) VALUES (2, 1);
INSERT INTO public.user_roles (user_id, role_id) VALUES (3, 2);
INSERT INTO public.user_roles (user_id, role_id) VALUES (4, 3);

INSERT INTO public.discount (id, start_date, end_date, discount_percentage) VALUES (1, '2020-06-01', '2021-06-02', 20);
INSERT INTO public.discount (id, start_date, end_date, discount_percentage) VALUES (2, '2020-06-01', '2021-06-01', 20);
INSERT INTO public.discount (id, start_date, end_date, discount_percentage) VALUES (3, '2021-03-16', '2021-04-01', 50);
INSERT INTO public.discount (id, start_date, end_date, discount_percentage) VALUES (4, '2021-03-16', '2021-04-01', 50);
INSERT INTO public.product (id, serial, price, discount_id) VALUES (1, 12345, 250, 1);
INSERT INTO public.product (id, serial, price, discount_id) VALUES (15, 46456, 800, 2);
